timestamp,job_id,original_file,optimized_file,original_total_distance,optimized_total_distance,percent_improvement,status
2026-06-11T05:21:54.854736,demo_20260611_052154,examples/sample.plt,,18288.000,18288.000,0.00%,demo
2026-06-11T05:22:55.558377,demo_20260611_052255,examples/sample.plt,,18288.000,18288.000,0.00%,demo
2026-06-11T15:34:15.137418,demo_20260611_153415,examples/sample.plt,,18288.000,18288.000,0.00%,demo
2026-06-11T17:36:56.461749,demo_20260611_173656,examples/sample.plt,,18288.000,18288.000,0.00%,demo
2026-06-11T22:22:11.400390,demo_20260611_222211,examples/sample.plt,,18288.000,18288.000,0.00%,demo
2026-06-11T22:23:01.631143,demo_20260611_222301,examples/sample.plt,,18288.000,18288.000,0.00%,demo
2026-06-11T22:26:09.350826,demo_20260611_222609,examples/sample.plt,,18288.000,18288.000,0.00%,demo
2026-06-11T22:26:46.261948,demo_20260611_222646,examples/sample.plt,,18288.000,18288.000,0.00%,demo
2026-06-11T22:28:23.712811,demo_20260611_222823,examples/sample.plt,,18288.000,18288.000,0.00%,demo
2026-06-11T22:35:45.854663,demo_20260611_223545,examples/sample.plt,,18288.000,18288.000,0.00%,demo
2026-06-11T22:36:47.944604,demo_20260611_223647,examples/sample.plt,,18288.000,18288.000,0.00%,demo
2026-06-11T22:38:13.741000,demo_20260611_223813,examples/sample.plt,,18288.000,18288.000,0.00%,demo
2026-06-11T22:41:28.263346,demo_20260611_224128,examples/sample.plt,,18288.000,18288.000,0.00%,demo
2026-06-11T23:54:29.134044,demo_20260611_235429,examples/sample.plt,,18288.000,18288.000,0.00%,demo
2026-06-12T00:14:57.971473,demo_20260612_001457,examples/sample.plt,,18288.000,18288.000,0.00%,demo
2026-06-12T00:29:14.994565,demo_20260612_002914,examples/sample.plt,,18288.000,18288.000,0.00%,demo
2026-06-12T02:41:51.888616,demo_20260612_024151,examples/sample.plt,,18288.000,18288.000,0.00%,demo
2026-06-12T04:03:04.731574,demo_20260612_040304,examples/sample.plt,,18288.000,18288.000,0.00%,demo
2026-06-12T04:14:27.537473,user_20260612_041427,2026-06-1022sheet0.plt,,310904.128,310904.128,0.00%,diagnostic
2026-06-12T04:55:55.148032,user_20260612_045555,1-inch-square.plt,,4064.000,4064.000,0.00%,diagnostic
2026-06-12T04:55:59.734393,user_20260612_045559,1-inch-circle.plt,,0.000,0.000,0.00%,diagnostic
2026-06-12T04:56:06.510443,user_20260612_045606,hello-world.plt,,5576.098,5576.098,0.00%,diagnostic
2026-06-12T04:58:36.412743,user_20260612_045836,hello-world.plt,,5576.098,5576.098,0.00%,diagnostic
2026-06-12T04:58:41.124603,user_20260612_045841,1-inch-circle.plt,,0.000,0.000,0.00%,diagnostic
2026-06-12T04:58:43.563364,user_20260612_045843,1-inch-square.plt,,4064.000,4064.000,0.00%,diagnostic
2026-06-12T04:58:46.935737,user_20260612_045846,2026-06-1011sheet0.plt,,273444.892,273444.892,0.00%,diagnostic
2026-06-12T05:10:44.070391,user_20260612_051044,2026-06-1011sheet0.plt,,273444.892,273444.892,0.00%,diagnostic
2026-06-12T05:14:34.942773,user_20260612_051434,2026-06-1011sheet0.plt,,273444.892,273444.892,0.00%,diagnostic
2026-06-12T05:14:51.197582,user_20260612_051451,1-inch-square.plt,,4064.000,4064.000,0.00%,diagnostic
2026-06-12T05:14:53.313428,user_20260612_051453,1-inch-circle.plt,,0.000,0.000,0.00%,diagnostic
2026-06-12T05:14:55.536888,user_20260612_051455,hello-world.plt,,5576.098,5576.098,0.00%,diagnostic
2026-06-12T06:40:26.770096,user_20260612_064026,1-inch-circle.plt,,2873.682,2873.682,0.00%,diagnostic
2026-06-12T16:59:14.717882,user_20260612_165914,hello-world.plt,,11689.136,11689.136,0.00%,diagnostic
2026-06-12T16:59:16.484102,user_20260612_165916,1-inch-circle.plt,,2873.682,2873.682,0.00%,diagnostic
2026-06-12T16:59:18.745690,user_20260612_165918,1-inch-circle.plt,,2873.682,2873.682,0.00%,diagnostic
2026-06-12T16:59:20.406678,user_20260612_165920,1-inch-square.plt,,4064.000,4064.000,0.00%,diagnostic
2026-06-12T17:00:08.952243,user_20260612_170008,2026-06-1011sheet0.plt,,385243.666,385243.666,0.00%,diagnostic
2026-06-12T17:31:40.771379,user_20260612_173140,hello-world.plt,,11689.136,11689.136,0.00%,diagnostic
2026-06-12T17:31:57.233244,user_20260612_173157,hello-world.plt,,11689.136,11689.136,0.00%,diagnostic
2026-06-12T17:42:17.055813,user_20260612_174217,hello-world.plt,,11689.136,11689.136,0.00%,diagnostic
2026-06-12T17:45:38.067437,user_20260612_174538,hello-world.plt,,8661.933,8661.933,0.00%,diagnostic
2026-06-12T17:58:32.922754,user_20260612_175832,hello-world.plt,,8661.933,8661.933,0.00%,diagnostic
2026-06-12T17:58:53.330861,user_20260612_175853,2026-06-1011sheet0.plt,,343028.049,343028.049,0.00%,diagnostic
